station,city,code
北京,北京市,51
唐山北,唐山市,841
北戴河,秦皇岛市,709
沈阳,沈阳市,788
沈阳南,沈阳市,788
辽中,辽中区,535
锦州南,锦州市,447
蓟州,天津市,848
葫芦岛北,葫芦岛市,346
盘锦北,北镇市,57
沈阳北,沈阳市,788
台安,泰安市,836
秦皇岛,秦皇岛市,709
山海关,秦皇岛市,709
绥中北,葫芦岛市,346
公主岭南,四平市,815
长春,长春市,1134
昌图西,铁岭市,858
铁岭西,银州区,1059
四平东,四平市,815
吉林,吉林市,392
蛟河西,蛟河市,434
敦化,敦化市,184
安图西,安图县,14
延吉西,延吉市,1021
图们北,图们市,873
珲春,珲春市,379
开原西,开原市,472
长春西,长春市,1134
扶余北,松原市,821
哈尔滨西,哈尔滨市,283
宾州,贵港市,279
方正,哈尔滨市,283
高楞,定西市,158
依兰,宜mh,1051
佳木斯,前进区,702
德惠西,长春市,1134
东戴河,葫芦岛市,346
哈尔滨,哈尔滨市,283
肇东,正阳区办事处,1161
安达,新兴街道办事处,990
大庆东,龙凤区,562
齐齐哈尔南,建华区,418
大连北,中山区,1168
瓦房店西,瓦房店市,877
营口东,营口市,1065
鲅鱼圈,营口市,1065
普湾,大连市,131
盖州西,营口市,1065
盘锦,盘锦市,661
滦县,唐山市,841
海城西,海城市,286
鞍山西,铁东区,856
辽阳,辽阳市,533
哈尔滨北,哈尔滨市,283
大庆西,东风街道办事处,163
双城北,双城区,806
南宁东,南宁市,637
广州南,广州市,275
贵阳北,贵阳市,280
郑州,郑州市,1162
许昌东,魏都区,894
漯河西,源汇区,1109
驻马店西,驻马店市,1178
信阳东,阳江市,1036
共青城,九江市,465
永修,九江市,465
南昌西,贤士湖管理处,953
抚州,抚州市,231
南城,抚州市,231
南丰,九江市,465
泰宁,泰宁县,838
将乐,绛县,432
三明北,三明市,745
尤溪,尤溪县,1081
永泰,福州市,228
福州,福州市,228
德安,九江市,465
庐山,九江市,465
瑞昌西,九江市,465
西安北,西安市,925
渭南北,渭南市,893
华山北,渭南市,893
三门峡南,崖底街道,1018
洛阳龙门,洛阳市,582
郑州西,郑州市,1162
郑州东,商都路街道,768
徐州,徐州市,1009
南京,玄武区,1015
常州,常州市,82
无锡,无锡市,906
苏州,苏州市,824
上海,黄浦区,374
宝鸡南,宝鸡市,39
天水南,麦积区,593
定西北,定西市,158
兰州西,西固区,934
成都东,成都市,87
合川,町田市,156
重庆北,渝北区,1090
涪陵北,涪陵区,222
石柱县,石柱县,800
金寨,宿州市,1004
六安,六安市,558
合肥南,望湖街道,884
南京南,南京市,634
镇江,镇江市,1157
昆山南,苏州市,824
上海虹桥,闵行区,616
丹阳,丹阳市,143
潼南,讷河市,645
遂宁,遂宁市,829
汉口,武汉市,917
潜江,潜江市,704
宜昌东,伍家岗区,915
恩施,恩施州,194
利川,立川市,518
丰都,兴义市,1000
武汉,武汉市,917
天门南,天门市,849
仙桃西,仙桃市,951
荆州,荆州市,458
巴东,苗族自治州,615
建始,吉安市,391
长寿北,长寿区,1140
深圳北,深圳市,784
惠州南,惠州市,382
葵潭,揭阳市,437
潮阳,西屯^,941
潮汕,齑ㄊ,265
角美,百色市,32
厦门北,厦门市,759
泉州,鲤城区,514
莆田,荔城区,522
福清,福州市,228
福州南,抚州市,231
罗源,罗源县,580
宁德,蕉城区,436
太姥山,和平^,312
台州,椒江区,433
临海,临海市,545
宁波,鄞州区,1060
庄桥,u市,148
余姚北,余姚市,1088
绍兴东,越城区,1115
绍兴北,越城区,1115
杭州东,杭州市,301
嘉善南,嘉善县,407
金山北,金山区,444
嘉兴南,南湖区,632
海宁西,海宁市,291
余杭,东湖街道,169
宁海,宁海县,654
温岭,温岭市,895
霞浦,宁德市,653
福鼎,福鼎市,224
桐乡,桐乡市,867
汉川,汉川市,296
全椒,滁州市,104
苏州新区,苏州市,824
溧水,南京市,634
瓦屋山,常州市,82
宜兴,宜兴市,1052
湖州,吴兴区,909
德清,荔浦市,523
长兴,汪清县,881
溧阳,常州市,82
句容西,镇江市,1157
漳浦,漳州市,1132
汕尾,城区,94
深圳坪山,深圳市,784
惠东,渠县,725
饶平,潮州市,86
仙游,仙游县,952
厦门,厦门市,759
普宁,揭阳市,437
陆丰,陆丰市,572
诏安,漳州市,1132
漳州,漳州市,1132
云霄,漳州市,1132
临汾西,尧都区,1040
洪洞西,洪洞县,340
灵石东,乐陵市,499
平遥古城,石景山区,794
太原南,太原市,835
阳泉北,盂县,1089
石家庄,石家庄市,793
正定机场,石家庄市,793
高碑店东,保定市,43
北京西,北京市,51
保定东,马尾区,591
定州东,保定市,43
晋中,晋华街道,451
祁县东,齐河县,694
介休东,介休市,438
襄汾西,柳州市,557
闻喜西,漳州市,1132
运城北,盐湖区,1027
霍州东,霍州市,386
太谷西,_南市,832
涿州东,保定市,43
红安西,红安县,335
麻城北,湖北省麻城开发区,347
杭州,杭州市,301
苏州园区,苏州市,824
大英东,遂宁市,829
建宁县北,建宁县,420
晋江,晋江市,452
南昌,南昌市,627
江宁,南京市,634
枝江北,枝江市,1163
扬州,扬州市,1033
泰州,泰州市,839
海安,南通市,640
南通,南通市,640
奉化,奉化区,213
福安,福安市,223
涵江,莆田市,682
松江南,松江区,817
三门县,三门县,744
连江,廉江市,527
惠安,泉州市,728
温州南,亳州市,70
门,礼县,507
闽清北,福州市,228
古田北,古田县,261
延平,南平市,638
南平市,南平市,638
上饶,东市,174
三明,三明市,745
永安南,三明市,745
漳平西,南投h,641
龙岩,新罗区,984
南靖,玄武区,1015
武夷山北,南平市,638
建瓯西,南平市,638
龙山镇,慈溪市,113
赣州,赣州市,248
于都,于都县,1086
瑞金,赣州市,248
长汀南,仙台市,950
冠豸山,龙岩市,567
古田会址,上杭县,774
宾阳,南宁市,637
桂平,贵港市,279
平南南,屏南县,679
藤县,梧州市,912
梧州南,梧州市,912
郁南,云浮市,1117
云浮东,云浮市,1117
肇庆东,肇庆市,1152
佛山西,佛山市,217
桂林北,叠彩区,155
阳朔,桂林市,281
恭城,桂林市,281
贺州,贺州市,322
广宁,肇庆市,1152
中山,中山市,1169
珠海,珠海市,1176
三水南,遵义市,1189
钟山西,久米郡,468
黄石北,花湖街道,351
阳新,汕尾市,766
侯马西,侯马市,342
永济北,永济市,1074
大荔,大理市,130
忻州西,忻府区,975
原平西,原平市,1106
山阴,宇治市,1095
应县,应县,1068
怀仁东,怀仁市,361
杨陵南,咸阳市,957
岐山,山形市,761
咸阳秦都,咸阳市,957
通渭,定西市,158
秦安,灵川县,552
西宁,城中区,97
平安驿,平安区,664
榆中,黄山市,375
东岔,本溪满族自治县,58
海石湾,红古区,336
张掖西,张掖市,1129
高台南,高台县,255
酒泉南,酒泉市,469
嘉峪关南,嘉峪关市,410
民乐,张掖市,1129
乐都,海东市,287
大通西,天台县,853
临泽南,临泽县,550
柳园南,瓜州县,264
哈密,哈密市,284
鄯善北,鄯善县,767
吐鲁番北,高昌区,252
乌鲁木齐,乌鲁木齐市,905
门源,门源回族自治县,602
清水北,酒泉市,469
玉门,玉门市,1100
吐哈,鄯善县,767
瓜州,瓜州县,264
敦煌,敦煌市,185
从江,从江县,114
三江南,三江南,743
桂林西,灵川县,552
怀集,来宾市,490
五通,达川区,116
三都县,三都县,740
贵定县,贵定县,278
榕江,揭阳市,437
都匀东,都匀市,182
龙里北,龙里县,565
龙洞堡,龙洞街道,561
宜宾西,宜宾市,1048
兴文,巴州区,24
毕节,七星关区,691
大方,大方县,122
黔西,千~市,701
贵阳东,南明区,636
镇雄,镇雄县,1159
广州,广州市,275
柳州,城中街道,96
永福南,永福县,1072
桂林,秀峰区,1005
鹿寨北,柳州市,557
兴安北,兴安县,998
全州南,晋江市,452
东安东,永州市,1078
上海南,徐汇区,1008
无锡新区,无锡市,906
安亭北,嘉定区,404
武昌,武汉市,917
惠山,无锡市,906
戚墅堰,常州市,82
阳澄湖,苏州市,824
南充北,顺庆区,813
镇江南,镇江市,1157
丹阳北,丹阳市,143
常州北,常州市,82
苏州北,苏州市,824
无锡东,无锡市,906
瑞安,瑞安市,738
乐清,温州市,897
平阳,来宾市,490
永嘉,永嘉县,1075
绅坊,乐清市,500
苍南,温州市,897
雁荡山,温州市,897
姜堰,永福县,1072
如皋,南通市,640
义乌,金华市,442
金华南,金华市,442
永康南,金华市,442
丽水,丽水市,520
葛店南,华容区,355
鄂州,鄂城区,191
大冶北,大冶市,136
白沙铺,清远市,720
枫林,漳州市,1132
诸暨,神跏,785
武义北,金华市,442
缙云西,北碚区,47
青田,齑ㄊ,265
花湖,花h,352
梅州西,梅州市,599
丰顺东,绵阳市,613
揭阳,揭阳市,437
揭阳机场,N市,510
桐庐,桐庐县,866
建德,建德市,417
千岛湖,乌鲁木齐市,905
绩溪北,鸡冠区,388
黄山北,衢州市,726
婺源,上饶市,775
景德镇北,浮梁县,221
来宾北,来宾市,490
钦州东,钦州市,707
合浦,巢湖市,83
北海,北海市,48
贵港,贵港市,279
南宁,南宁市,637
南江口,云浮市,1117
百色,百色市,32
田东北,百色市,32
平果,百色市,32
隆安东,隆安县,568
南宁西,南宁市,637
田阳,彰化h,1131
昆明南,昆明市,487
普者黑,丘北县,724
广南县,广南县,271
富宁,札幌市,1124
弥勒,弥勒市,606
昆明,昆明市,487
楚雄,楚雄市,105
南华,百色市,32
大理,大理市,130
珠琳,郑州市,1162
广通北,禄丰县,575
祥云,温县,896
石林西,昆明市,487
禄丰南,禄丰县,575
云南驿,祥云县,965
丽江,丽江市,519
延安,宝塔区,41
甘泉北,甘泉县,246
富县东,富县,242
蒲城东,南平市,638
黄陵南,黄陵县,371
南部,南充市,628
阆中,阆中市,495
蓬溪,红星乡,339
苍溪,冰溪镇,67
重庆西,沙坪坝区,754
营山,英山县,1062
蓬安,南充市,628
南充,南充市,628
广安南,宝塔区,41
达州,达州市,118
武胜,越前市,1116
岳池,广安市,270
成都,成都市,87
土溪,渠县,725
孝感东,孝感市,971
汤逊湖,武汉市,917
庙山,含山县,295
普安,浦安市,685
纸坊东,直方市,1165
山坡东,武汉市,917
横沟桥东,咸安区,954
咸宁南,咸宁市,956
贺胜桥东,石^,791
南湖东,武汉市,917
天河街,武汉市,917
槐荫,孝感市,971
天河机场,武汉市,917
后湖,临沂市,549
咸宁东,咸宁市,956
随州,随州市,828
枣阳,枣阳市,1122
襄阳,襄城区,962
土地堂东,新兴县,991
乌龙泉南,武汉市,917
闵集,南昌市,627
安陆,安陆市,11
襄州,襄州区,964
谷城,石景山区,794
十堰,茅箭区,595
云梦,洛阳市,582
阳曲西,太原市,835
江都,衢州市,726
富阳,杭州市,301
马鞍山东,马鞍山市,586
当涂东,雨山区,1098
芜湖,芜湖市,907
铜陵,铜陵市,870
池州,池州市,98
安庆,安庆市,12
繁昌西,米原市,608
弋江,芜湖市,907
江宁西,南京市,634
无为,武威市,921
铜陵北,铜陵市,870
巢湖东,半汤街道,35
毛陈,孝南区,972
金银潭,吴忠市,910
济南,济南市,397
淄博,淄博市,1184
青州市,青州市,714
潍坊,潍坊市,890
高密,潍坊市,890
胶州北,青岛市,713
青岛北,青岛市,713
青岛,青岛市,713
济南西,槐荫区,366
齐河,鹤壁市,324
禹城东,德州市,151
平原东,平原县,674
昌乐,韶关市,778
即墨北,凉山彝族自治州,528
莱阳,烟台市,1019
海阳北,烟台市,1019
烟台,烟台市,1019
桃村北,烟台市,1019
济南东,天桥区,850
烟台南,烟台市,1019
威海北,威海市,886
威海,威海市,886
荣成,威海市,886
牟平,翠屏区,115
大明湖,历下区,517
夏格庄,阳朔县,1038
文登东,威海市,886
九江,九江市,465
双洋,阜阳市,234
雁石南,龙岩市,567
会昌北,赣州市,248
延平西,南平市,638
北京南,右安门,1085
霸州西,廊坊市,496
白沟,庆阳市,722
白洋淀,沧州市,73
徐水,溆浦县,1011
保定,保定市,43
唐山,唐山市,841
天津,和平区,311
天津西,红桥区,338
胜芳,廊坊市,496
正定,石家庄市,793
滨海西,滨海新区,64
滨海北,滨州市,66
滦河,承德市,90
定州,保定市,43
呼和浩特东,呼和浩特市,343
呼和浩特,呼和浩特市,343
包头东,包头市,38
包头,包头市,38
察素齐,呼和浩特市,343
萨拉齐,包头市,38
乌兰察布,乌兰察布市,903
卓资东,乌兰察布市,903
旗下营南,乌兰察布市,903
兴和北,乌兰察布市,903
汉中,汉台区,297
城固北,三好郡,741
洋县西,洋县,1039
齐齐哈尔,建华区,418
杜尔伯特,泰康镇,837
鄂尔多斯,康巴什区,475
东胜东,东胜区,173
准格尔,准格尔旗,1181
托克托东,呼和浩特市,343
新会,河池市,316
台山,江门市,429
阳江,阳江市,1036
电白,茂名市,596
茂名,茂名市,596
吴川,吴川市,908
湛江西,湛江市,1127
阳西,阳江市,1036
恩平,江门市,429
东方,东方市,162
畲江北,江海街道,425
建桥,梅州市,599
福田,深圳市,784
汕头,汕头市,765
广州东,广州市,275
东莞,莞城街道,267
常平,常平镇,81
本溪,平山区,670
丹东,振兴区,1156
南芬北,南芬区,631
通远堡西,凤城市,212
凤城东,宜春市,1050
五龙背东,振安区,1155
本溪新城,溪湖区,945
金州,古塔区,260
登沙河,金州区,445
杏树屯,四平市,815
城子坦,普兰店区,687
庄河北,庄河市,1179
大连,中山区,1168
东港北,东港市,166
大孤山,浜松市,36
皮口,林h,1121
北井子,东港市,166
青堆,庄河市,1179
花园口,郑州市,1162
青岛西,青岛市,713
董家口,青岛市,713
日照西,日照市,730
岚山西,日照市,730
防城港北,防城港市,200
兴业,兴业县,999
玉林,榆阳区,1092
陆川,上益城郡,776
亚布力西,哈尔滨市,283
牡丹江,东安区,159
绥芬河,阜宁镇,232
尚志南,行田市,300
阿城北,广安市,270
帽儿山西,七星区,692
海林北,海林市,289
苇河西,合川区,304
一面坡北,哈尔滨市,283
横道河子东,双阳区,810
穆棱,穆棱市,622
绥阳,东宁市,171
新香坊北,哈尔滨市,283
乌鲁木齐南,乌鲁木齐市,905
石家庄北,石家庄市,793
太原,太原市,835
吕梁,离石区,505
西安,西安市,925
宝鸡,宝鸡市,39
凤县,奉贤区,215
两当,两当县,531
徽县,辉县市,380
略阳,汉中市,299
广元,广元市,274
绵阳,绵阳市,613
德阳,德阳市,150
江油,绵阳市,613
邢台,邢台市,996
邯郸,邯郸市,294
安阳,安阳市,15
新乡,红旗区,337
安康,安康市,10
万源,万源市,879
渠县,渠县,725
广安,宝塔区,41
阿城,阿城区,1
尚志,哈尔滨市,283
一面坡,哈尔滨市,283
苇河,宝鸡市,39
亚布力,哈尔滨市,283
横道河子,双阳区,810
海林,海林市,289
松江,松江市,818
嘉兴,嘉兴市,408
海宁,海宁市,291
金华,金华市,442
衢州,衢州市,726
鹰潭,鹰潭市,1063
吉安,吉安市,391
井冈山,吉安市,391
茶陵南,茶陵县,76
攸县南,攸县,1080
衡阳,衡阳市,333
祁东,南通市,640
祁阳,巢湖市,83
永州,冷水滩区,504
弋阳,益阳市,1057
锦州,古塔区,260
通辽,西门街道办,938
白城,洮北区,842
泰来,忠县,1172
镇赉,白城市,25
通榆,吉野郡,394
太平川,A路市,110
葫芦岛,葫芦岛市,346
汾阳,汾阳市,207
吴堡,江门市,429
绥德,花h,352
子长,子长市,1185
平顶山,卫东区,891
南阳,南阳市,643
当阳,当阳市,144
荆门,荆门市,457
漯河,源汇区,1109
洛阳,洛阳市,582
渭南,渭南市,893
咸阳,咸阳市,957
杨陵,六安市,558
蔡家坡,彝良县,1053
黎塘,南宁市,637
容县,容县,732
岑溪,梧州市,912
梧州,梧州市,912
江华,荔浦市,523
江永,永州市,1078
道州,衡阳市,333
零陵,永州市,1078
株洲,株洲市,1177
萍乡,凭祥市,675
新余,新余市,992
咸宁,咸宁市,956
赤壁,赤壁市,100
长沙,芙蓉区,220
韶关东,韶关市,778
深圳,深圳市,784
郴州,苏仙区,823
江山,衢州市,726
龙川,龃ㄊ,811
河源,河源市,320
惠州,惠州市,382
东莞东,常平镇,81
沧州,沧州市,73
德州,德州市,151
兰州,广武门街道,273
陇西,定西市,158
甘谷,柳州市,557
天水,秦州区,710
蚌埠,蚌埠市,37
昆山,苏州市,824
开封,相国寺街道,958
定西,定西市,158
商丘,梁园区,530
岳阳,岳阳市,1113
信阳,负忧,790
许昌,魏都区,894
鹤壁,鹤壁市,324
四平,四平市,815
霸州,廊坊市,496
驻马店,驻马店市,1178
旬阳,贵港市,279
瓦房店,瓦房店市,877
大石桥,营口市,1065
鞍山,铁东区,856
普兰店,普兰店区,687
熊岳城,宇城市,1094
盖州,营口市,1065
兴城,葫芦岛市,346
绥中,葫芦岛市,346
邹城,济宁市,398
泰山,泰安市,836
兖州,济宁市,398
滕州,枣庄市,1123
枣庄西,枣庄市,1123
宿州,苏州市,824
绍兴,越城区,1115
上虞,上越市,777
余姚,余姚市,1088
醴陵,醴陵市,516
宜春,宜春市,1050
樟树,宜春市,1050
丰城,宜春市,1050
马鞍山,马鞍山市,586
宣城,宣城市,1012
绩溪县,宣城市,1012
黄山,黄山市,375
景德镇,景德镇市,460
英德,清远市,720
瑞昌,九江市,465
涿州,保定市,43
丹霞山,韶关市,778
南雄,韶关市,778
大余,大月市,139
分宜,分宜县工业园,206
交城,蕉城区,436
文水,旺苍县,882
靖边,舟曲县,1174
定边,定边县,157
中卫,沙坡头区,755
白银西,白银区,31
济宁,济宁市,398
菏泽,菏泽市,321
商丘南,梁园区,530
阜阳,阜阳市,234
双城堡,双城区,806
扶余,富士吉田市,240
铁岭,银州区,1059
衡水,衡水市,332
聊城,聊城市,536
沟帮子,北镇市,57
德惠,德惠市,149
陶赖昭,松原市,821
巩义,巩义市,258
三门峡,崖底街道,1018
武威,武威市,921
张掖,张掖市,1129
嘉峪关,嘉峪关市,410
柳园,苏州市,824
高台,高台县,255
金昌,金川区,441
伊宁,伊宁市,1044
精河南,精河县,459
奎屯,兵团一三零团,68
沙湾县,兵团一四二团,69
石河子,石河子市,792
砀山,宿州市,1004
民权,武威市,921
沭阳,廊坊市,496
淮安,淮安市,363
阜宁,札幌市,1124
盐城,盐城市,1026
宣汉,宣汉县,1013
紫阳,资阳市,1182
商城,黄山市,375
合肥,笔架山街道,59
巢湖,半汤街道,35
固始,羽曳野市,1096
潢川,信阳市,994
公主岭,四平市,815
开原,开原市,472
昌黎,G早市,423
对青山,哈尔滨市,283
宋,商丘市,770
高邑,黎平县,506
林口,漳州市,1132
鸡西,鸡冠区,388
吐鲁番,老城街道,497
鄯善,吐鲁番市,874
酒泉,西南街街道,939
西峡,温州市,897
内乡,南阳市,643
镇平,来凤县,491
石门县北,常德市,80
张家界,永定区,1071
吉首,阜阳市,234
怀化,鹤城区,325
来宾,来宾市,490
慈利,慈利县,112
邓州,南阳市,643
武威南,渭南市,893
哈尔滨东,哈尔滨市,283
山市,乐山市,501
青铜峡,吴忠市,910
银川,银川市,1058
石嘴山,石嘴山市,801
惠农,石嘴山市,801
乌海,滨河街道办事处,65
临河,长春市,1134
集宁南,乌兰察布市,903
商都,锡林郭勒盟,944
化德,川崎市,107
正镶白旗,锡林郭勒盟,944
桑根达来,锡林郭勒盟,944
大板,大阪市,120
林东,临沂市,549
查布嘎,阿鲁科尔沁旗,7
开鲁,防城港市,200
甘旗卡,通辽市,862
彰武,惠州市,382
昌图,惠州市,382
渭南西,渭南市,893
武功,咸阳市,957
兰考,兰考县,493
广德,宣城市,1012
长兴南,长兴县,1143
德清西,_南市,832
玉山,南投h,641
田林,成都市,87
兴义,兴义市,1000
威舍,|^,179
罗平,古蔺县,259
师宗,南通市,640
安仁,成都市,87
炎陵,黄山市,375
锡林浩特,锡林郭勒盟,944
二连,两当县,531
阿巴嘎旗,锡林郭勒盟,944
赛乌苏,乌兰察布市,903
赛汗塔拉,锡林郭勒盟,944
苏尼特左旗,锡林郭勒盟,944
朱日和,锡林郭勒盟,944
白音察干,乌兰察布市,903
燕郊,廊坊市,496
玉田县,唐山市,841
乌拉特前旗,额尔登布拉格苏木,188
乌海西,三道坎街道办,739
汝州,汝州市,735
清水,静市,463
临泽,h野市,1110
山丹,天水市,852
天祝,天草郡,846
永登,云龙县,1118
京山,荆门市,457
钟祥,荆门市,457
平度,青岛市,713
胶州,青岛市,713
蓝村,惠州市,382
东台,盐城市,1026
兰溪,金华市,442
兴国,拜泉县,34
常德,常德市,80
益阳,益阳市,1057
兴宁,梅州市,599
梅州,梅州市,599
华城,梅州市,599
大埔,大埔^,132
潮州,潮州市,86
丰顺,绵阳市,613
眉山,眉山市,597
峨眉,九江市,465
越西,沼田市,1148
普雄,凉山彝族自治州,528
西昌,凉山彝族自治州,528
冕宁,德阳市,150
喜德,猎德街道,538
甘洛,凉山彝族自治州,528
汉源,汉源县,298
燕岗,延市,1020
彭山,九江市,465
攀枝花,东区,172
米易,米易县,607
德昌,肇东市,1151
西昌南,凉山彝族自治州,528
峨边,峨边彝族自治县,186
成都南,成都市,87
宣威,宣威市,1014
曲靖,麒麟区,698
喀什,喀什市,471
阿图什,阿图什市,8
巴楚,津山市,446
阿克苏,阿克苏市,3
新和,广州市,275
库车,库车市,483
轮台,巴音郭楞蒙古自治州,22
库尔勒,巴音郭楞蒙古自治州,22
和田,和田市,314
墨玉,华容县,356
皮山,维吾尔自治区,889
叶城,长宁区,1137
莎车,莎车县,758
英吉沙,疏勒县,804
焉耆,巴音郭楞蒙古自治州,22
和硕,无锡市,906
天津南,N蚴,512
徐州东,徐州市,1009
蚌埠南,蚌埠市,37
德州东,德州市,151
泾县,衡水市,332
沧州西,沧州市,73
曲阜东,济宁市,398
宿州东,苏州市,824
玉山南,上饶市,775
鹰潭北,鹰潭市,1063
泰安,泰安市,836
滕州东,枣庄市,1123
进贤南,南昌市,627
滁州,滁州市,104
枣庄,枣庄市,1123
廊坊,廊坊市,496
龙游,衢州市,726
衡水北,衡水市,332
定远,环翠区,367
抚州东,抚州市,231
邢台东,邢台市,996
安阳东,安阳市,15
岳阳东,岳阳楼区,1112
长沙南,雨花区,1097
衡山西,南岳,644
郴州西,北湖区,49
清远,清远市,720
邯郸东,邯郸市,294
新乡东,红旗区,337
耒阳西,三顺街道,746
英德西,清远市,720
韶关,韶关市,778
株洲西,天元区,854
鹤壁东,鹤壁市,324
汨罗东,汨罗市,610
衡阳东,衡阳市,333
虎门,虎门镇,349
乐昌东,乐昌市,498
怀化南,鹤城区,325
安顺西,安顺市,13
盘州,六盘水市,559
曲靖北,沾益区,1125
邵阳,邵阳市,780
娄底南,娄底市,571
淮南东,淮南市,365
水家湖,八街市,19
淄博北,淄博市,1184
青州市北,潍坊市,890
潍坊北,潍坊市,890
高密北,青岛市,713
临淄北,淄博市,1184
章丘北,章丘区,1130
邹平,滨州市,66
淮北,淮北市,364
旌德,灌阳县,269
南陵,高松市,254
砀山南,宿州市,1004
兰考南,兰考县,493
萧县北,宿州市,1004
永城北,永城市,1069
广州北,花都区,350
连云港,连云港市,524
涟水,赣州市,248
淮安东,淮安市,363
泗阳,贵港市,279
宿迁,宿迁市,1003
睢宁,遂宁市,829
民权北,商丘市,770
赣榆,合江县,307
赤壁北,赤壁市,100
咸宁北,咸宁市,956
德兴,上饶市,775
歙县北,黄山市,375
长临河,合肥市,305
灵宝西,灵宝市,551
青川,广元市,274
五府山,|津X郡,177
孝感北,大悟县,134
蒙山,临沂市,549
临沂北,临沂市,549
湘潭北,和平街道,310
邵阳北,邵阳市,780
芷江,枝江市,1163
铜仁南,铜仁市,871
凯里南,凯里市,474
韶山南,沂,911
高邑西,沅陵县,1105
新化南,娄底市,571
贵定北,贵定县,278
三穗,三穗县,747
吉安西,吉安市,391
赣州西,赣州市,248
明港东,平桥区,669
焦作,山阳区,762
巩义南,郑州市,1162
黄冈东,黄州区,378
高安,宜春市,1050
新余北,新余市,992
萍乡北,萍乡市,681
庆盛,广州市,275
醴陵东,醴陵市,516
淮南南,淮南市,365
光明城,建兰路街道,419
渑池南,陕州区,764
胜利镇,临沂市,549
开封北,郑州市,1162
军粮城北,东丽区,170
邑,西安市,925
资阳北,雁江区,1031
内江北,内江市,647
永川东,重庆市,1173
资中北,高松市,254
溆浦南,溆浦县,1011
新晃西,新晃侗族自治县,981
平坝南,安顺市,13
嵩明,昆明市,487
富源北,富源县,244
关岭,安顺市,13
玉溪,沼田市,1148
湖口,九江市,465
普安县,普安县,686
西华,河池市,316
周口东,川汇区,106
阜阳西,阜阳市,234
寿县,淮南市,365
凤台南,淮南市,365
颍上北,梅州市,599
佛坪,佛坪县,216
青白江东,成都市,87
阿房宫,西安市,925
界首南,吉首市,393
朝天,沼田市,1148
荣昌北,荣昌区,731
宁强南,宁强县,657
灌云,_南市,832
隆昌北,隆昌市,569
石家庄东,石家庄市,793
辛集南,石家庄市,793
藁城南,石家庄市,793
亳州南,亳州市,70
太和东,清远市,720
古城东,磐石市,662
商丘东,梁园区,530
广汉北,德阳市,150
江油北,绵阳市,613
剑门关,剑阁县,421
芦庙,驻马店市,1178
扶沟南,鹤壁市,324
沈丘北,沈丘县,787
合肥北城,笔架山街道,59
淮阳南,周口市,1175
长宁,长宁区,1137
双峰北,双峰县,807
邵东,大禾塘街道,126
遵义,汇川区,381
安江东,洪江市,341
洞口,河池市,316
隆回,荔浦市,523
西渡,西都市,930
杨桥,仪陇县,1047
邵阳西,邵阳市,780
香港西九龙,油尖旺^,1082
上海西,普陀区,688
花桥,衡阳市,333
仙林,西充县,928
南翔北,嘉定区,404
宝华山,镇江市,1157
淮北北,淮北市,364
三阳,南宁市,637
大足南,荣昌区,731
简阳南,简阳市,415
璧山,重庆市,1173
沙坪坝,沙坪坝区,754
垫江,米子市,609
梁平南,梁平区,529
万州北,万州区,880
长寿湖,长寿区,1140
复盛,福生市,227
新都东,成都市,87
龙嘉,晴隆县,721
大石头南,敦化市,184
双吉,阳江市,1036
九台南,九台区,467
开安,长春市,1134
农安,农安县,659
松原,松原市,821
查干湖,大安市,119
大安,白城市,25
安广,大安市,119
乌兰浩特,乌兰浩特市,904
长山屯,蛟河市,434
两家,清远市,720
到保,洮北区,842
平台,百色市,32
葛根庙,乌兰浩特市,904
哈拉海,龙江县,563
镇西,河池市,316
华家,台州市,831
王府,阜新蒙古族自治县,233
武清,天津市,848
滨海,滨州市,66
塘沽,大野郡,137
新郑机场,郑州市,1162
绿博园,潍坊市,890
宋城路,睢阳区,826
南阳寨,长兴路街道,1142
黄河景区,郑州市,1162
修武西,修武县,1002
武陟,焦作市,435
金山卫,大埔^,132
春申,松江区,817
新桥,港区,250
车墩,松江区,817
叶榭,隰县,947
亭林,金山区,444
金山园区,金山区,444
黄冈,黄冈市,370
黄冈西,黄冈市,370
华容东,鄂州市,193
花山南,武汉市,917
左岭,福州市,228
犀浦,蒲郡市,683
青城山,成都市,87
都江堰,都江堰市,181
安德,百色市,32
郫县,成都市,87
郫县西,成都市,87
红光镇,南江县,633
安靖,成都市,87
罗江东,茂名市,596
乐山,沙湾区,756
眉山东,眉山市,597
新津南,新市,988
双流西,营山县,1066
彭山北,九江市,465
峨眉山,峨眉山市,187
双流机场,成都市,87
青神,渠县,725
新津,新市,988
青莲,绵阳市,613
犍为,N後大野市,511
泥溪,叙州区,1010
屏山,石家庄市,793
贵阳,南明区,636
洛湾三江,乌当区,900
百宜,平昌县,665
南江,金华市,442
开阳,岑巩县,75
狮山北,资源县,1183
三水北,佛山市,217
云东海,佛山市,217
大旺,肇庆市,1152
鼎湖东,宜mh,1051
鼎湖山,肇庆市,1152
端州,西^,932
肇庆,肇庆市,1152
狮山,九江市,465
四会,肇庆市,1152
湘潭,岳塘区,1111
板塘,半汤街道,35
芙蓉南,岳塘区,1111
先锋,南通市,640
湘府路,厦门市,759
香樟路,雨花区,1097
树木岭,雨花区,1097
洞井,千代田区,699
荷塘,上饶市,775
昭山,临沂市,549
暮云,长沙县,1139
长沙西,望城区,883
尖山,深水^,783
八方山,北安铱,46
观沙岭,裕园大厦,1102
麓谷,长沙市,1138
谷山,东港市,166
开福寺,阳城县,1035
樟木头,东莞市,167
平湖,平湖市,667
顺德,佛山市,217
江门东,江门市,429
阳东,阳江市,1036
开平南,江门市,429
古镇,河津市,317
小榄,中山市,1169
容桂,佛山市,217
中山北,石岐区街道,797
顺德学院,佛山市,217
南头,南投h,641
明珠,油尖旺^,1082
唐家湾,永州市,1078
珠海北,珠海市,1176
南朗,南朗镇,635
北,|^,178
前山,安庆市,12
碧江,碧江区,61
东莞西,福州市,228
道,道蛘,146
西平西,邵阳市,780
东城南,东莞市,167
寮步,寮步镇,537
松山湖北,松山湖,819
大朗镇,大朗镇,128
常平南,常平镇,81
常平东,常平镇,81
樟木头东,樟木头镇,1133
银瓶,合江县,307
沥林北,高松市,254
仲恺,柳川市,554
惠环,庆阳市,722
龙丰,衡阳市,333
西湖东,南都留郡,630
云山,九江市,465
小金口,惠州市,382
中川机场,永登县,1070
兰州新区,皋兰县,251
福利区,富里市,238
西固,秩父市,1166
任丘,沧州市,73
肃宁,龙岩市,567
辛集,石家庄市,793
承德,承德市,90
鹰手营子,承德市,90
密云北,密云区,612
怀柔,怀柔区,362
通州西,通州区,864
北京东,朝阳区,84
沙河市,邢台市,996
兴隆县,承德市,90
下台子,承德市,90
蓟州北,蓟州区,400
下仓,上饶市,775
宝坻,高松市,254
天津北,河北区,315
曹子里,武清区,920
崔黄口,武清区,920
大口屯,江津市,427
上仓,宾川县,62
霍尔果斯,霍尔果斯市,385
沙城,张家口市,1128
下花园,哈尔滨市,283
张家口,张家口市,1128
柴沟堡,张家口市,1128
天镇,大同市,133
阳高,平顺县,671
大同,大同市,133
丰镇,乌兰察布市,903
五原,上饶市,775
巴彦高勒,磴口县,152
宣化,郑州市,1162
连云港东,连云港市,524
东海县,东海县,168
新沂,徐州市,1009
邳州,徐州市,1009
黄口,太康县,834
虞城县,城郊乡,93
华山,渭南市,893
潼关,望城区,883
灵宝,灵宝市,551
三门峡西,崖底街道,1018
阜新南,海州区,293
清河门北,清河门区,715
义县,保定市,43
滁州北,滁州市,104
磁窑,泰安市,836
禹城,禹城市,1099
平原,福州市,228
吴桥,阜阳市,234
东光,肥东县,204
泊头,沧州市,73
青县,沧州市,73
枣强,衡水市,332
清河城,本溪满族自治县,58
曹县,菏泽市,321
宁陵县,宁陵县,655
定陶,菏泽市,321
鄄城,菏泽市,321
郓城,盐湖区,1027
梁山,济宁市,398
台前,濮阳市,684
阳谷,速郡,825
临清,聊城市,536
大营镇,泰州市,839
深州,衡水市,332
饶阳,衡水市,332
廊坊北,廊坊市,496
杨村,淮南市,365
静海,天津市,848
榆次,合肥市,305
榆社,晋中市,453
武乡,基隆市,390
沁县,沁县,711
襄垣,町田市,156
长治北,潞州区,577
长治,潞州区,577
高平,晋城市,450
晋城,晋城市,450
洮南,洮南市,843
敖力布告,通辽市,862
宝龙山,昌图县,78
林西,赤峰市,101
海城,海城市,286
帽儿山,哈尔滨市,283
平山,石家庄市,793
小岭,哈尔滨市,283
玉泉,秦州区,710
成高子,哈尔滨市,283
苏家屯,克东县,479
八面城,昌图县,78
双辽,四平市,815
江桥,攸县,1080
富裕,富士吉田市,240
小榆树,富裕县,243
二道湾,禾木哈纳斯蒙古民族乡,303
团结,成都市,87
拉哈,讷河市,645
六合镇,苏州市,824
讷河,讷南镇,646
老莱,讷河市,645
伊拉哈,嫩江县,648
九三,嫩江县,648
嫩江,学田镇,1016
哈力图,呼伦贝尔市,345
红彦,邵阳市,780
达拉滨,原阳县,1107
大杨树,呼伦贝尔市,345
朝阳村,苗栗h,614
讷尔克气,呼伦贝尔市,345
加格达奇,呼伦贝尔市,345
大杨树东,呼伦贝尔市,345
恒地营,讷河市,645
八方,河池市,316
青水山,上川t合振d局,772
灯塔,辽阳市,533
张台子,辽阳市,533
下板城,承德市,90
平泉,承德市,90
杨树岭,承德市,90
三十家,南投h,641
凌源,朝阳市,85
叶柏寿,朝阳市,85
朝阳南,朝阳市,85
义县西,保定市,43
凌海,凌海市,553
大虎山,黑山县,330
新民,沈阳市,788
凌源东,朝阳市,85
小寺沟,张家口市,1128
茂林,石T^,796
保康,呼伦贝尔市,345
黑水,宁强县,657
扎兰屯,呼伦贝尔市,345
博克图,呼伦贝尔市,345
免渡河,呼伦贝尔市,345
牙克石,呼伦贝尔市,345
大雁,高砂市,253
海拉尔,呼伦贝尔市,345
乌奴耳,呼伦贝尔市,345
兴安岭,呼伦贝尔市,345
太谷,白塔区管委会,30
祁县,齐河县,694
平遥,百色市,32
介休,晋中市,453
灵石,乐陵市,499
霍州,霍州市,386
洪洞,洪洞县,340
临汾,尧都区,1040
侯马,侯马市,342
新绛,巴音郭楞蒙古自治州,22
稷山,三B基郡,749
河津,河津市,317
韩城,渭南市,893
韦庄,聊城市,536
合阳北,丽水市,520
依安,南宁市,637
克山,齐齐哈尔市,695
克东,鸡东县,387
北安,兆麟街道办事处,1149
赵光,赵光农场,1150
通北,北安市,45
扎音河,双录乡,809
海伦,前进镇,703
东边井,东风镇,164
绥棱,绥棱镇,827
张维屯,北林区,52
四方台,依兰镇,1045
绥化,大有办事处,138
兴隆镇,济宁市,398
白奎堡,白奎镇,28
呼兰,磐石市,662
海北,海伦市,290
李家,遵义市,1189
塔哈,建华区,418
日照,日照市,730
莒南,南通市,640
临沂,临沂市,549
费县,费县,205
平邑,百色市,32
泗水,济宁市,398
曲阜,济宁市,398
东明县,菏泽市,321
长垣,长垣市,1144
许家屯,瓦房店市,877
五大连池,引龙河农场,1061
龙镇,罗山县,579
襄河,滁州市,104
孙吴,淳安县,111
黑河,花园街道办事处,354
白山市,浑江区,383
通化,东昌区,160
五女山,桓仁满族自治县,368
小市,本溪满族自治县,58
新立屯,宾县,63
顺义,册亨县,74
赵城,洪洞县,340
太原东,太原市,835
忻州,忻府区,975
原平,原平市,1106
宁武,清远市,720
朔州,朔城区,814
怀仁,怀仁市,361
岱岳,东城管理委员会,161
西柳,港区,250
抚顺北,新抚区,980
清原,清远市,720
梅河口,梅河口市,598
辽源,辽源市,534
抚宁,札幌市,1124
张家口南,张家口市,1128
芦台,武汉市,917
昌平北,昌平区,77
怀柔北,怀柔区,362
滦平,承德市,90
隆化,屏山县,680
四合永,承德市,90
朝阳地,承德市,90
赤峰南,向阳街道办,967
纪家沟,阜阳市,234
郭家店,拜泉县,34
完工,来宾市,490
嵯岗,呼伦贝尔市,345
扎赉诺尔西,呼伦贝尔市,345
满洲里,呼伦贝尔市,345
富拉尔基,基隆市,390
大庆,东风街道办事处,163
中宁,v市,266
景泰,北京市,51
春亭阁,呼伦贝尔市,345
乌鲁布铁,呼伦贝尔市,345
白桦排,呼伦贝尔市,345
加南,甲R市,412
新高峰,长福镇,1135
神头,涉县,782
运城,盐湖区,1027
永济,永济市,1074
兴平,咸阳市,957
虢镇,彰化h,1131
阳曲,恩阳区,195
轩岗,芒市,594
宁安,宁安市,652
柴河,银州区,1059
朱家沟,青岛市,713
西麻山,麻山区,585
鸡东,市,439
黑台,密山市,611
密山,密山市,611
密山西,密山市,611
连珠山,密山市,611
永安乡,松桃苗族自治县,820
东海,鸡西市,389
兰岭,兰陵,494
向阳,襄城区,962
塔河,门头沟区,601
塔尔根,塔河县,830
翠岗,合肥市,305
碧州,龙岩市,567
大乌苏,新林区,983
新林,大兴安岭,135
林海,临海市,545
塔源,新林区,983
太阳沟,临夏县,547
新天,新田县,987
劲松,朝阳区,84
大扬气,大兴安岭,135
古源,原州区,1108
小扬气,亳州市,70
富海,防府市,201
冯屯,齐齐哈尔市,695
中和,_承卤笔,833
古城,北京市,51
二井,肇州县,1153
二龙山屯,黑河市,329
辰清,黑河市,329
西岗子,黑河市,329
平洋,齐齐哈尔市,695
大兴,南通市,640
汤池,合肥市,305
三间房,承德市,90
榆树屯,昂昂溪区,16
大民屯,齐齐哈尔市,695
永胜,丽江市,519
四马架,佳木斯市,403
太平镇,湛江市,1127
丰乐镇,乌兰察布市,903
笔架山,笔架山街道,59
福利屯,富裕县,243
升昌,集贤县,396
红兴隆,友谊镇,1083
新友谊,友谊镇,1083
富锦,富锦市,236
建三江,富锦市,236
换新天,富锦市,236
前进镇,名山区,618
向阳川,斜里郡,974
五林,阳明区,1037
宝林,邛崃市,723
楚山,驻马店市,1178
古城镇,滨州市,66
亚河,林口县,542
青山,屯T^,876
虎山,B取市,650
佛岭,芜湖市,907
通天屯,七台河市,690
勃利,七台河市,690
杏树,大连市,131
桦南,佳木斯市,403
八虎力,桦南县,360
申家店,桦川县,358
莲江口,佳木斯市,403
鹤立,名古屋市,617
新华,宁安路街道,651
峻德,鹤岗市,326
鹤岗,鹤岗市,326
东京城,宁安市,652
长发屯,佳木斯市,403
孟家岗,桦南县,360
大西,今治市,440
阿尔山北,阿尔山市,2
杜拉尔,呼伦贝尔市,345
罕达盖,呼伦贝尔市,345
道劳杜,道老杜苏木乡,147
巴日图,巴中市,23
温根托海,笛吹市,154
辉河,黑河市,329
德仁,呼伦贝尔市,345
伊敏索木,呼伦贝尔市,345
伊敏,荔浦市,523
汇流河,牙克石市,1017
牧原,联和街道,526
煤田,大阪市,120
乌尔旗汗,丰台区,209
岩山,新市,982
原林,彰化h,1131
库都尔,牙克石市,1017
岭南,合山市,308
岭北,云浮市,1117
图里河,牙克石市,1017
伊图里河,牙克石市,1017
哈达,东洲区,176
根河,牙克石市,1017
朝中,牙克石市,1017
金林,牙克石市,1017
金河,北林区,52
阿龙山,牙克石市,1017
满归,牙克石市,1017
阿乌尼,牙克石市,1017
扎罗木得,牙克石市,1017
哈克,牙克石市,1017
碾子山,繁荣街道办事处,196
哈拉苏,牙克石市,1017
巴林,牙克石市,1017
喇嘛山,绍兴市,781
雅鲁,宜昌市,1049
赫尔洪得,呼伦贝尔市,345
扎赉诺尔,呼伦贝尔市,345
乌固诺尔,牙克石市,1017
沟口,路市,1154
虎尔虎拉,富拉尔基区,237
营口,营口市,1065
老边,营口市,1065
道清,浑江区,383
老营,保山市,44
江源,^原市,431
湾沟,七里河区,689
松树镇,武威市,921
仙人桥,德州市,151
松江河,抚松县,229
泉阳,抚松县,229
露水河,抚松县,229
白河,白河市,26
水洞,银川市,1058
南芬,南芬区,631
桥头,高雄市,256
寒岭,项城市,968
安平,勇B郡,1079
水泉,阜新蒙古族自治县,233
刀尔登,朝阳市,85
杨杖子,朝阳市,85
金杖子,朝阳市,85
建昌,南宁市,637
南桥,剑阁县,421
柳树屯,桦甸市,359
高桥镇,桐乡市,867
米沙子,长春市,1134
沃皮,奈良市,624
布海,长春市,1134
达家沟,长春市,1134
姚家,合肥市,305
五棵树,哈尔滨市,283
榆树,长春市,1134
舒兰,舒兰市,803
偏岭,岫岩满族自治县,1006
松树台,张家口市,1128
温泉寺,神跏,785
五龙背,振安区,1155
汤山城,振安区,1155
一面山,辽源市,534
凤凰城,清远市,720
大堡,小郡市,970
石城,廉江市,527
灌水,宽甸满族自治县,485
通化县,通化县,861
石桥子,惠州市,382
姚千户屯,沈阳市,788
陈相屯,沈阳市,788
吴家屯,宾县,63
下马塘,南芬区,631
连山关,本溪满族自治县,58
祁家堡,本溪满族自治县,58
草河口,凤城市,212
通远堡,凤城市,212
刘家河,广水市,272
沙海,朝阳市,85
天义,元朗^,1103
二龙,芜湖市,907
汐子,屏|h,678
乃林,马鞍山羊场,587
平庄北,安顺市,13
热水,米易县,607
元宝山,武汉市,917
马林,马林市,589
小河沿,敖汉旗,17
四道湾,敖汉旗,17
敖汉,益田市,1056
三义井,黄羊洼镇,377
新窝铺,敖汉旗,17
奈曼,通辽市,862
八仙筒,通辽市,862
东明村,龙井市,564
嘎什甸子,通辽市,862
治安,磐石市,662
东来,渭南市,893
余粮堡,通辽市,862
吉舒,舒兰市,803
平安,平安区,664
山河屯,桦甸市,359
天岗,淮南市,365
蛟河,蛟河市,434
白石山,大u支,121
黄松甸,蛟河市,434
黄泥河,延寿县,1023
大石头,南昌市,627
安图,近江八幡市,448
延吉,延吉市,1021
图们,图们市,873
东通化,通化市,860
鸭园,通化市,860
铁厂,武陵源区,918
果松,果松镇,282
黄柏,宇治市,1095
阳岔,集安市,395
集安,吉安市,391
菇园,原州区,1108
临江,临江市,546
石人,云阳县,1120
三江口,兴义市,1000
金宝屯,通辽市,862
大林,嘉xh,409
大青沟,张家口市,1128
库伦,库伦街道办,484
九台,长春市,1134
新立镇,长春市,1134
丰广,美h市,600
谢家镇,常州市,82
大口钦,龙潭区,566
亚复,巢湖市,83
桦皮厂,昌邑区,79
前窑,船营区,109
左家,磐石市,662
土们岭,龙潭区,566
卡伦,长春市,1134
官高,南投h,641
北宅,青岛市,713
雁栖湖,怀柔区,362
黑山寺,张家口市,1128
古北口,密云区,612
流水沟,合江县,307
猴山,承德市,90
虎什哈,承德市,90
五道河,阜阳市,234
二道沟门,怀柔区,362
张百湾,承德市,90
金沟屯,承德市,90
滦河沿,承德市,90
梁底下,承德市,90
白旗,百色市,32
超梁沟,风水梁镇,210
闹海营,承德市,90
韩麻营,承德市,90
窑上,临沂市,549
南大庙,承德市,90
张兰,平遥县,673
东镇,茂名市,596
闻喜,三明市,745
襄汾,柳州市,557
平旺,南宁市,637
豆罗,太原市,835
平社,北^,54
高村,绵阳市,613
清徐,清市,718
柳林南,柳林县,556
齐哈日格图,锡林郭勒盟,944
土牧尔台,乌兰察布市,903
南召,巍山彝族回族自治县,888
鲁山,九江市,465
宝丰,常德市,80
洛阳东,洛阳市,582
博兴,大里郡,129
东营,东营市,175
利津南,中~沼郡,1171
滨州,滨州市,66
阳信,汕尾市,766
商河,济宁市,398
临邑,临沂市,549
陵城,|Th郡,180
枣庄东,枣庄市,1123
兰陵北,兰陵,494
巨野,裾野市,470
嘉祥,绵阳市,613
诸城,潍坊市,890
五莲,宣城市,1012
莒县,日照市,730
沂南,横手市,331
临沂东,临沂市,549
桃村,三明市,745
徐家店,烟台市,1019
莱西,青岛市,713
沂水,临沂市,549
文登,文登区,898
乳山,乳山市,736
扶绥,扶绥县,219
渠旧,扶绥县,219
濑湍,江州区,430
崇左,崇左市,103
亭亮,宁明县,656
宁明,赫章县,323
凭祥,凭祥市,675
金城江,河池市,316
宜州,河池市,316
文地,龙岩市,567
河唇,湛江市,1127
廉江,廉江市,527
遂溪,建宁县,420
湛江,湛江市,1127
洛碛,渝北区,1090
长寿,苏州市,824
涪陵,白沙黎族自治县,29
白涛,剑河县,422
白沙沱,武隆区,919
白马,绵阳市,613
武隆,屏|h,678
中嘴,开州区,473
高谷,彭水苗族土家族自治县,663
彭水,彭水苗族土家族自治县,663
保家楼,彭水苗族土家族自治县,663
郁山,西村山郡,929
干溪沟,岑巩县,75
核桃园,咸丰县,955
黔江,潜江市,704
鱼泉,秦州区,710
长潭沟,酉阳土家族苗族自治县,1084
泔溪,林h,1121
酉阳,酉阳土家族苗族自治县,1084
龙池,奉节县,214
秀山,北OS郡,55
内江,内江市,647
碑木镇,贵港市,279
双凤驿,双峰县,807
迎祥街,高雄市,256
隆昌,隆昌市,569
李市镇,荆门市,457
安富镇,嘉陵区,406
广顺场,南平市,638
荣昌,重庆市,1173
峰高铺,泉州市,728
大足,重庆市,1173
长河碥,铜梁区,869
双石桥,达川区,116
永川,重庆市,1173
临江场,重庆市,1173
柏林,重庆市,1173
茨坝,成县,89
朱杨溪,重庆市,1173
平等,重庆市,1173
白沙,重庆市,1173
金刚沱,重庆市,1173
油溪,尤溪县,1081
古家沱,重庆市,1173
江津,重庆市,1173
黄n,佛山市,217
铜罐驿,重庆市,1173
石场,大津市,127
小南海,黔江区,705
茄子溪,抚州市,231
重庆南,九龙坡区,466
重庆,重庆市,1173
沙湾,台州市,831
轸溪,河池市,316
刘沟,泰安市,836
代湾,沙湾区,756
杨漩,峨边彝族自治县,186
共和,大府市,124
柏村,古宇郡,262
金口河,金口河区,443
关村坝,金口河区,443
尼日,凉山彝族自治州,528
苏雄,凉山彝族自治州,528
凉红,凉山彝族自治州,528
埃岱,凉山彝族自治州,528
南尔岗,凉山彝族自治州,528
阿寨,凉山彝族自治州,528
白果,六安市,558
白石岩,广南县,271
铁西,沈阳市,788
下普雄,凉山彝族自治州,528
拉白,哈尔滨市,283
七龙星,渝北区,1090
民福寺,百色市,32
夏坝,山阴县,763
綦江,綦江区,696
三江,遵义市,1189
镇紫街,唐山市,841
赶水,綦江区,696
石门坎,大方县,122
木竹河,威海市,886
三元坝,青川县,712
蒙渡,成都市,87
太白,桐梓县,868
九龙塘,六安市,558
大河坝,凉山彝族自治州,528
新场,上海市,773
元田坝,成都市,87
桐梓,嘉禾县,405
红花园,嘉xh,409
娄山关,遵义市,1189
汇塘河,重庆市,1173
松坝,遵义县,1190
上普雄,凉山彝族自治州,528
尔赛河,凉山彝族自治州,528
尼波,凉山彝族自治州,528
乐武,凉山彝族自治州,528
红峰,白银区,31
沙马拉达,凉山彝族自治州,528
瓦祖,凉山彝族自治州,528
铁口,凉山彝族自治州,528
新凉,来宾市,490
联合乡,昆明市,487
冕山,凉山彝族自治州,528
月华,阆中市,495
乐跃,建安区,416
蒲坝,凉山彝族自治州,528
永郎,凉山彝族自治州,528
弯w,_南市,832
枣子林,米易县,607
桐子林,仁寿县,729
内江南,内江市,647
大山铺,自贡市,1186
自贡,自流井区,1187
俞冲,六安市,558
孔滩,翠屏区,115
王场,石柱土家族自治县,799
敬梓场,子长市,1185
一步滩,宜宾市,1048
宜宾,宜宾市,1048
宜宾南,宜宾市,1048
水富,水富市,812
横江,盐津县,1028
小儿坪,小儿坪,969
铜鼓溪,_南市,832
滩头,盐津县,1028
普洱渡,盐津县,1028
临江溪,临江市,546
盐津北,盐津县,1028
盐津,两当县,531
豆沙关,盐津县,1028
沙沙坡,自贡市,1186
小关溪,郑州市,1162
岔河,青岛市,713
大关,大关县,125
曾家坪子,大关县,125
苍坪,肇庆市,1152
邓家湾,安陆市,11
田梁子,凉山彝族自治州,528
彝良,梧州市,912
彝良南,彝良县,1053
二道桥,夹壁乡,411
昭通北,昭阳区,1146
昭通,昭阳区,1146
玉屏,荔波县,521
羊坪,羊坪,1034
青溪,犍为县,414
蕉溪,福安市,223
镇远,镇远县,1160
水花,镇远县,1160
施秉,太原市,835
黄平,河池市,316
宝老山,黄平县,373
加劳,N市,510
桐木寨,镇远县,1160
凯里,城西街道,95
六个鸡,夏邑县,949
福泉,福泉市,226
贵定,贵定县,278
高峰,宣城市,1012
新平坝,安顺市,13
安顺,安顺市,13
化处,安顺市,13
六枝,百色市,32
关寨,舞阳县,923
滥坝,大方县,122
六盘水,六盘水市,559
梅花山,蚌埠市,37
凉水井,昆明市,487
金钟,晋华街道,451
草海,威宁彝族回族苗族自治县,887
李子沟,应县,1068
迤那,伊那市,1043
仙水,秦州区,710
花土坡,花土坡,353
昭通南,昭阳区,1146
茨冲,六盘水市,559
阿拉山口,阿拉山口市,5
博尔塔拉,}埕^,1029
双河市,双河市,808
昆玉,昆玉市,488
泽普,凉山彝族自治州,528
麻城,麻城市,584
黄州,南昌市,627
浠水,浠水县,943
蕲春,蕲春县,697
武穴,武穴市,922
孔垄,黄梅县,372
上安,u市,276
井陉,屏|h,678
南张村,石家庄市,793
井南,伊那市,1043
南峪,衡阳市,333
娘子关,平定县,666
程家,平定县,666
岩会,平定县,666
阳泉,城区,94
寿阳,定西市,158
芦家庄,寿阳县,802
康城,南昌市,627
武安,邯郸市,294
午汲,邯郸市,294
磁山,合肥市,305
徘徊北,邯郸市,294
新固镇,武安市,916
什里店,合肥市区,306
阳邑,陆丰市,572
豆庄,商水县,771
偏店,邯郸市,294
井店,邯郸市,294
涉县,邯郸市,294
悬钟,邯郸市,294
南j,天津市,848
东阳关,仙台市,950
黎城,茌平县,99
水洋,望谟县,885
常村,屏|h,678
漫流河,临沂市,549
微子镇,潞城区,576
潞城,潞城区,576
北舍,鲤鱼洲管理处,515
西贺村,彰化h,1131
孤山,东港市,166
堡子湾,秦安县,708
新安庄,乌兰察布市,903
红砂坝,乌兰察布市,903
土贵乌拉,乌兰察布市,903
苏集,荔浦市,523
八苏木,乌兰察布市,903
十八台,乌兰察布市,903
马盖图,乌兰察布市,903
姑家堡,乌兰察布市,903
卓资山,乌兰察布市,903
福生庄,乌兰察布市,903
三道营,乌兰察布市,903
旗下营,乌兰察布市,903
民族,呼和浩特市,343
陶思浩,呼和浩特市,343
美岱召,包头市,38
公积坂,合肥市,305
东兴,防城港市,200
玉舍,六盘水市,559
白鸡坡,六盘水市,559
都格,凉山彝族自治州,528
发耳,六盘水市,559
营街,营街,1064
茅草坪,房县,203
三家寨,织金县,1164
雨格,六盘水市,559
松河,西湖区,935
柏果,德阳市,150
月亮田,江津区,426
盘关,佐用郡,1191
平田,松本市,816
花家庄,六盘水市,559
沙沱,合川区,304
红果,凉山彝族自治州,528
平关,八幡平市,18
富源,抚远市,230
羊尾哨,曲靖市,727
车转湾,富源县,244
白水镇,吉安市,391
平河口,沾益区,1125
白沙坡,屏边苗族自治县,676
马龙,马龙区,590
吴官田,马龙区,590
照福铺,???,872
小新街,昆明市,487
杨林,岳阳县,1114
小哨,合肥市,305
秦岭,安康市,10
凤州,大分市,123
宏庆,两当县,531
白水江,文县,899
阳平关,宁强县,657
燕子砭,宁强县,657
朝天南,沼田市,1148
大竹园,贵港市,279
高滩,安康市,10
毛坝关,安康市,10
麻柳,达川区,116
巴山,崎市,249
花楼坝,元朗^,1103
毛坝,安康市,10
平凉,崆峒区,482
平凉南,崆峒区,482
庙庄,枣庄市,1123
崇信,崇信县,102
安口窑,华亭市,357
陇县,宝鸡市,39
千阳,台州市,831
千河,汪清县,881
威箐,毕节市,60
小雨谷,六水盘市,560
迤资,芳R郡,199
拉,吉安市,391
花棚子,攀枝花市,660
新江,攀枝花市,660
师庄,夏县,948
大湾子,盐边县,1025
红江,洪江市,341
黄瓜园,绵阳市,613
元谋西,元谋县,1104
阿南庄,禄丰县,575
黑井,禄丰县,575
甸心,昆明市,487
磨刀石,阳明区,1037
下城子,南投h,641
八面通,穆棱市,622
梨树镇,绵阳市,613
石磷,鸡西市,389
柳毛,密山市,611
裴德,密山市,611
兴凯,密山市,611
杨岗,巢湖市,83
凯北,娄底市,571
卫星,合肥市,305
虎林,虎林市,348
迎春,泰安市,836
东方红,林甸县,540
五常,哈尔滨市,283
拉林,哈尔滨市,283
牛家,宕昌县,145
周家,嘉禾县,405
平房,永吉县,1073
孙家,临沂市,549
香坊,沧州市,73
背荫河,舒兰市,803
安家,哈尔滨市,283
塔尔气,呼伦贝尔市,345
新绰源,札幌市,1124
石门子,青岛市,713
忠工屯,呼伦贝尔市,345
西岭口,呼伦贝尔市,345
高头,龙岩市,567
古莲,永登县,1070
漠河,西林吉镇,937
图强,漠河市,621
阿木尔,劲涛镇,449
聂河,沈丘县,787
盘古,梧州市,912
瓦拉干,塔河县,830
绣峰,塔河县,830
翠峰,东城管理委员会,161
松树林,百色市,32
桦林,青岛市,713
杨木,龙潭区,566
奎山,林口县,542
麻山,绍兴市,781
青龙,芜湖市,907
滴道,宗像市,1188
徐家,昌图县,78
沈家,黑山县,330
康金井,哈尔滨市,283
石人城,哈尔滨市,283
万发屯,宾县,63
昂昂溪,昂昂溪区,16
乌伊岭,伊春市,1041
汤旺河,汤原县,840
新青,芜湖市,907
红星,名山区,618
五营,伊春市,1041
红山,伊春市,1041
友好,礼县,507
双子河,三合经营所,742
伊春,丰林县,208
美溪,金华市,442
苔青,常德市,80
西林,宣城市,1012
金山屯,蛟河市,434
柳树,亳州市,70
南岔,定西市,158
绿潭,金华市,442
晨明,南岔县,626
威岭,伊春市,1041
浩良河,南岔县,626
香兰,哈尔滨市,283
汤原,南通市,640
兴莲,嘉xh,409
长汀镇,海林市,289
敖头,海林市,289
拉古,i谷区,753
陶家屯,昌图县,78
范家屯,四平市,815
大屯,驻马店市,1178
沙岭,新民市,985
马三家,沈阳市,788
兰家屯,葫芦岛市,346
裕国,沈阳市,788
新寒岭,辽阳市,533
张辛,麦积区,593
庙城,怀柔区,362
统军庄,密云区,612
六道河子,承德市,90
前苇塘,承德市,90
北马圈子,承德市,90
洞庙河,承德市,90
南湾子,葫芦岛市,346
新杖子,承德市,90
西大庙,承德市,90
上板城南,承德市,90
上板城,承德市,90
承德东,承德市,90
高各庄,青岛市,713
潘家店,承德市,90
甲山,嘉善县,407
永和,南通市,640
榆树沟,张家口市,1128
上谷,揖斐郡,1046
大杖子,葫芦岛市,346
大灰厂,丰台区,209
上万,大理市,130
南观村,彰化h,1131
燕山,甲州市,413
良各庄,房山区,202
孤山口,房山区,202
云居寺,房山区,202
三合庄,泾源县,455
十渡,弘前市,334
平峪,平阳县,672
野三坡,保定市,43
百里峡,保定市,43
福山口,保定市,43
白涧,河池市,316
板城,来宾市,490
南城司,保定市,43
奇峰塔,保定市,43
紫荆关,保定市,43
大盘石,宁德市,653
塔崖驿,保定市,43
王安镇,保定市,43
浮图峪,保定市,43
北屯,北屯市,56
涞源,长顺县,1141
小西庄,保定市,43
艾河,鼓山^,263
招柏,大同市,133
云彩岭,大同市,133
大涧,崎市,1007
包头西,包头市,38
哈业胡同,包头市,38
白彦花,包头市,38
公庙子,乌拉特前旗,902
乌拉山,乌拉特前旗,902
西小召,乌拉特前旗,902
四分滩,五原县,914
杭锦旗,伊和乌素苏木乡,1042
碱柜,鄂尔多斯市,192
乌海北,千里山镇,700
头道桥,宝兴县,42
包头北,包头市,38
昆都仑召,包头市,38
瓦窑坝,柳州市,557
明安,上饶市,775
营盘湾,明安镇,619
高家村,邢台市,996
石门村,屏|h,678
坝梁,包头市,38
西斗铺,包头市,38
老羊壕,包头市,38
艾不盖,包头市,38
乌兰胡同,包头市,38
白云鄂博,包头市,38
西里,熊本市,1001
查干特格,锡林郭勒盟,944
夏拉哈马,玉溪市,1101
郭尔奔敖包,精河县,459
楚鲁图,锡林郭勒盟,944
锡林呼都嘎,锡林郭勒盟,944
德日斯图,潮州市,86
巴彦郭勒,尼勒克县,649
白银哈尔,锡林郭勒盟,944
乌兰花,通榆县,863
阿贵图,乌兰察布市,903
宝拉格,凉山彝族自治州,528
乌兰哈达,阿鲁科尔沁旗,7
芦家村,彰化h,1131
贲红,乌兰察布市,903
大陆号,乌兰察布市,903
七苏木,乌兰察布市,903
获嘉,舒兰市,803
三原,三原市,751
阎良,戳际,190
张桥,铜陵市,870
钟家村,渭南市,893
大荔北,渭南市,893
榆林,榆阳区,1092
米脂,弥渡县,605
清涧县,清涧县,716
黄陵,沿滩区,1024
孙镇,渭南市,893
蒲城,南平市,638
南仇,南昌市,627
黑旺,淄博市,1184
源迁,勇B郡,1079
南博山,淄博市,1184
常庄,南通市,640
莱芜东,莱芜区,492
蔺家楼,莱芜区,492
司家岭,泰安市,836
范镇,泰安市,836
燕家庄,青岛市,713
上高镇,泰安市,836
猛洞河,永顺县,1077
麻阳,天柱县,855
澧县,常德市,80
会同,珠海市,1176
靖州,荆州市,458
通道,通道侗族自治县,859
塘豹,邑智郡,1055
梅江,梅州市,599
桃映,南阳市,643
铜仁,铜仁市,871
娄底,涟源市,525
涟源,涟源市,525
冷水江东,冷水江市,503
新化,宁安路街道,651
安化,安化县,9
低庄,溆浦县,1011
溆浦,溆浦县,1011
辰溪,邵阳市,780
新晃,新晃侗族自治县,981
上西铺,衢州市,726
鲁番,六安市,558
瓦窑田,贵港市,279
新坪田,西伯郡,927
大田边,黄平县,373
革居,苗族自治州,615
岔江,昭化区,1145
小得江,罗平县,578
江所田,罗平县,578
芦沟,淮南市,365
羊者窝,罗平县,578
中寨,漳州市,1132
新安,新安,977
长坡岭,贵港市,279
秧草地,七星关区,691
陆良,离石区,505
宜耐,N川市,509
西街口,昆明市,487
茂舍祖,来宾市,490
石林,石林彝族自治县,795
石林南,石林彝族自治县,795
班猫箐,庆阳市,722
宜良北,昆明市,487
乐善村,西丰县,931
永丰营,昆明市,487
施家嘴,定西市,158
七甸,成华区,88
广南卫,昆明市,487
王家营西,昆明市,487
通安驿,定西市,158
李家坪,榆中县,1093
甘草店,榆中县,1093
许家台,唐山市,841
夏官营,城关区,92
兰州东,定西市,158
张家川,清水县,717
清水县,麦积区,593
南河川,麦积区,593
三阳川,麦积区,593
渭南镇,麦积区,593
新阳镇,甘谷县,245
磐安镇,天水市,852
洛门,天水市,852
武山,西吉县,936
贺家店,天水市,852
鸳鸯镇,西固城街道,933
陈官营,邢台市,996
西固城,张家口市,1128
坡底下,西固区,934
河口南,邢台市,996
龙泉寺,武威市,921
打柴沟,凉山彝族自治州,528
龙沟,武威市,921
古浪,武威市,921
黄羊镇,余市郡,1087
玉石,永登县,1070
芨岭,福州市,228
平原堡,六安市,558
许三湾,娄底市,571
干塘,沙坡头区,755
营盘水,延庆县,1022
长城,景泰县,461
兴泉堡,白银区,31
红岘台,白银区,31
红砂岘,定西市,158
朱家窑,皋兰县,251
丰水村,皋兰县,251
皋兰,杭州市,301
邵家堂,邵家堂,779
水源,银川市,1058
黄羊滩,永宁县,1076
大坝,中宁县,1167
黄羊湾,潍坊市,890
宣和,中宁县,1167
大战场,中宁县,1167
中宁南,柳州市,557
长农,南昌市,627
艾家村,丘北县,724
石坝,合肥市,305
同心,吴忠市,910
王团庄,南溪区,642
土桥子,来宾市,490
李旺,海原县,292
韩府湾,扶沟县,218
七营,七营,693
褚家湾,三市,750
三营,舒兰市,803
二营,康县,476
沈家河,原州区,1108
固原,宁德市,653
彭阳,泾源县,455
六盘山,泾源县,455
三关口,新竹h,993
新李,川上郡,108
泾川,葵青^,486
长庆桥,白银区,31
白银市,北市,50
吴家川,靖远县,462
靖远西,靖远县,462
靖远,莞城街道,267
东湾,巴南区,21
长征,中卫市,1170
沙坡头,武威市,921
谭家井,武威市,921
黑冲滩,宾县,63
土门子,苗栗h,614
园墩,武威市,921
上腰墩,黔西县,706
绿化,合肥市,305
桥西,章丘区,1130
狼尾山,张掖市,1129
镜铁山,石嘴山市,801
汝箕沟,石嘴山市,801
白芨沟,石嘴山市,801
呼鲁斯太,呼鲁斯太,344
大磴沟,遵义市,1189
大武口,江口县,428
平罗,滴道区,153
暖泉,银川市,1058
灵武,新竹h,993
宁东,新竹h,993
宁东南,吴忠市,910
盐池,遵义市,1189
太阳山,遵义市,1189
红寺堡,吴忠市,910
中宁东,中宁县,1167
柳家庄,青岛市,713
低窝铺,玉门市,1100
疏勒河,安康市,10
柳沟,泰安市,836
桥湾,北京市,51
阿克陶,阿克陶县,4
金银川,柯坪县,477
马兰,马兰,588
息县,信阳市,994
罗山,新竹h,993
淮滨,淮南市,365
光山,鹿u市,574
新县,新县,989
礼泉,茌平县,99
乾县,赣县区,247
永寿,眉山市,597
彬州,咸阳市,957
长武,\部市,328
孝南,晋城市,450
孝西,温岭市,895
白壁关,孝义市,973
兑镇,孝义市,973
阳泉曲,孝义市,973
灵丘,大同市,133
平型关,大同市,133
东淤地,繁峙县,197
东庄,合肥市,305
大营,安顺市,13
五台山,五台县,913
繁峙,繁峙县居民办事处,198
下社,漳州市,1132
代县,代县,140
阳明堡,代县,140
枣林,蜀山区,805
神池,w市,277
五寨,丽水市,520
安塘,柏原市,33
秦家庄,临沂市,549
岢岚,岢岚县,478
定襄,南七街道,639
河边,忻州市,976
华蓥,广安市,270
高碑店,保定市,43
汤阴,常州市,82
临城,南明区,636
亳州,亳州市,70
武夷山,南平市,638
建阳,简阳市,415
建瓯,南平市,638
延平东,南平市,638
古田,古田县,261
偃师,燕市,1032
乐平市,江门市,429
万年,南通市,640
东乡,抚州市,231
泰和,邻水县,539
定南,安顺市,13
和平,和平街道,310
祁门,黄山市,375
资溪,抚州市,231
光泽,南平市,638
邵武,南平市,638
顺昌,南平市,638
烟筒屯,杜尔伯特蒙古族自治县,183
银浪,西宾街道办事处,926
林源,林源镇,544
新华屯,桦甸市,359
立志,榕江县,733
太阳升,南宁市,637
新肇,相R市,959
大安北,大安市,119
乾安,松原市,821
卢龙,秦皇岛市,709
迁安,唐山市,841
嘉善,嘉善县,407
晏城,盐城市,1026
淮南,淮南市,365
义马,义马市,1054
萧县,宿州市,1004
涡阳,毫州市,302
张家界西,永定区,1071
桑植,桑植县,752
龙山北,赣州市,248
湘乡,湘乡市,961
乐昌,韶关市,778
确山,驻马店市,1178
西平,绵阳市,613
都昌,九江市,465
鄱阳,郾城区,1030
丰城南,宜春市,1050
庐江,合肥市,305
桐城,安庆市,12
安庆西,安庆市,12
天柱山,吉野郡,394
太湖,安庆市,12
信丰,赣州市,248
深圳东,深圳市,784
宿松,安庆市,12
三河县,廊坊市,496
武义,武汉市,917
永康,_南市,832
缙云,北碚区,47
温州,鹿城区,573
龙南,陇南市,570
向塘,响塘乡,966
樟树东,宜春市,1050
新干,来宾市,490
武当山,丹江口市,142
黄石,黄石市,376
深圳西,深圳市,784
新安县,洛阳市,582
阜南,花h,352
麻尾,苗族自治州,615
南丹,南丹市,629
都匀,都匀市,182
黄村,黄村街道,369
进贤,南昌市,627
宁国,宣城市,1012
唐河,保定市,43
桐柏,南阳市,643
渑池,加西市,402
卫辉,卫辉市,892
陇南,陇南市,570
哈达铺,宕昌县,145
白河县,安康市,10
始兴,韶关市,778
源潭,南阳市,643
贵溪,鹰潭市,1063
横峰,上饶市,775
杨柳青,西青区,940
朝阳镇,信州区,995
磐石,磐石市,662
明城,合肥市,305
长葛,长葛市,1136
临颍,漯河市,583
化州,茂名市,596
茂名西,茂名市,596
佛山,佛山市,217
永定,永定区,1071
风陵渡,芮城县,737
商洛,商洛市,769
应城,应城市,1067
舒城,佛山市,217
白河东,白鹤洞街道,27
晋州,古塔区,260
西乡,静宁县,464
关林,^林市,268
济源,济源市,399
月山,西村山郡,929
经棚,克什克腾旗,481
旬阳北,安康市,10
西安南,西安市,925
夏邑县,夏邑县,949
耒阳,蔡子池街道,72
丹凤,商洛市,769
商南,河池市,316
鹿寨,阜阳市,234
烟筒山,新宾满族自治县,979
草市,赣州市,248
庆安,绵阳市,613
铁力,桃山林业局,844
朗乡,河池市,316
带岭,带岭街道,141
石泉县,石泉县,798
万州,川上郡,108
汨罗,汨罗市,610
梁平,钦州市,707
开江,德阳市,150
阳春,阳江市,1036
藁城,大分市,123
固镇,河津市,317
镇安,屏|h,678
周口,川汇区,106
德兴东,上饶市,775
开化,江门市,429
常山,N川市,509
西丰,庆阳市,722
东丰,东凤镇,165
柳河,沈阳市,788
三源浦,柳河县,555
衡山,南岳,644
临湘,临湘市,548
龙市,河池市,316
岷县,定西市,158
雷州,雷州市,502
徐闻,湛江市,1127
海口,海口市,288
太和北,苗栗h,614
界首市,阜阳市,234
沈丘,沈丘县,787
项城,项城市,968
峡江,福民乡,225
汉寿,常德市,80
息烽,庆阳市,722
坪石,江门市,429
渭源,名古屋市,617
海门,南通市,640
达拉特西,展旦召苏木乡,1126
东胜西,装备制造基地,1180
桃源,桃@市,845
融安,柳州市,557
元氏,广安市,270
遂平,驻马店市,1178
官厅,长春市,1134
柞水,商洛市,769
罗城,平乐县,668
融水,融水县,734
三江县,柳州市,557
牙屯堡,通道侗族自治县,859
揭阳南,揭阳市,437
蔡家沟,青岛市,713
蜀河,安康市,10
漳县,定西市,158
彭泽,九江市,465
临澧,河池市,316
独山,杭州市,301
牛庄,海城市,286
新开,南通市,640
龙江,佛山市,217
双丰,双峰县,807
桃山,京都市,454
神树,铁力市,857
双鸭山,宝清县,40
宜城,襄阳市,963
枝城,孟州市,604
松滋,松滋市,822
兰棱,哈尔滨市,283
山城镇,漳州市,1132
南杂木,清原满族自治县,719
王岗,盐城市,1026
广水,广水市,272
花园,南通市,640
孝感,孝感市,971
界山,三B基郡,749
小河镇,赣州市,248
郯城,临沂市,549
路口铺,云溪区,1119
巴中,巴中市,23
平昌,施秉县,789
石梯,达川区,116
灵璧,乐陵市,499
泗县,宿州市,1004
洋河,岫岩满族自治县,1006
启东,南通市,640
三家店,石景山区,794
高林屯,天等县,847
东至,池州市,98
册亨,册亨县,74
五家,南通市,640
新邱,新邱区,986
阿金,相模原市,960
子洲,榆林市,1091
南木,南部县,625
尼勒克,尼勒克县,649
乌苏,哈图布呼镇,285
玛纳斯,玛纳斯县,592
泡子,普兰店区,687
东营南,东营市,175
黄梅,黄梅县,372
北流,北流市,53
富川,富川,235
双牌,北^,54
西乌旗,锡林郭勒盟,944
白音华南,乌兰察布市,903
珠斯花,达来胡硕苏木,117
霍林郭勒,莫斯台街道办,620
阿尔山,阿尔山市,2
成吉思汗,呼伦贝尔市,345
吉新河,繁荣街道办事处,196
鲁河,汕尾市,766
宝泉岭,鹤岗市,326
鹤北,鹤岗市,326
互助,四平市,815
七台河,七台河市,690
喀喇其,经棚镇,456
克一河,呼伦贝尔市,345
甘河,咸阳市,957
吉文,呼伦贝尔市,345
阿里河,呼伦贝尔市,345
沙园,沙园街道,757
亚布力南,哈尔滨市,283
秦家,灵川县,552
望江,城固县,91
圣浪,铁力市,857
红旗营,昂昂溪区,16
洪河,肇州县,1153
前锋,泉州市,728
东二道河,延庆县,1022
寒葱沟,抚远市,230
抚远,抚远市,230
万乐,万乐,878
里木店,里木店镇,508
尚家,柳州市,557
羊草,泾源县,455
高台子,临沂市,549
姜家,烟台市,1019
哈达阳,呼伦贝尔市,345
弯道,大u支,121
鹤山,鹤山市,327
松青,带岭街道,141
同江,同江市,865
半截河,通州区,864
新彦,南通市,640
双柳,营山县,1066
宝清,富顺县,241
新松浦,哈尔滨市,283
倭肯,七台河市,690
石头,洛川县,581
兰岗,宁安市,652
马莲河,庆阳市,722
斗沟子,永吉县,1073
温春,西安区,924
公营子,朝阳市,85
小东,山h市,760
松树,西丰县,931
高山子,盘锦市,661
绕阳河,沈阳市,788
大红旗,沈阳市,788
兴隆店,新北街道,978
东辛庄,富山市,239
口前,山阴县,763
松江镇,衡阳市,333
和龙,和龙市,309
龙井,龙井市,564
林盛堡,沈阳市,788
驼腰岭,柳河县,555
深井子,沈阳市,788
双河镇,六安市,558
歪头山,泰安市,836
石岭,宿迁市,1003
白泉,兰陵,494
扎鲁特,乌额格其牧场,901
白音胡硕,兴安盟,997
西哲里木,兴安盟,997
索伦,兴安盟,997
五叉沟,_南市,832
德伯斯,兴安盟,997
沙岭子西,青岛市,713
额济纳,阿拉善盟,6
新贤城,聊城市,536
二道沙河,邢台市,996
濮阳,濮阳市,684
天门,天门市,849
神木,神木市,786
锦界,江门市,429
三花石,西乡县,942
霍邱,六安市,558
颍上,梅州市,599
歙县,歙县,946
建湖,龙岩市,567
余江,贵港市,279
三水,遵义市,1189
高州,茂名市,596
信宜,徐州市,1009
宁乡,宁乡市,658
德保,百色市,32
靖西,百色市,32
博白,博白县,71
朱石寨,清远市,720
星朗,嘉禾县,405
峰洞,峰洞,211
打羊,三明市,745
学庄,兰陵,494
甲猫,加茂市,401
织金,织金县,1164
纳雍,织金县,1164
普定,安顺市,13
渡市,柳州市,557
三汇镇,渠县,725
鹤庆,镇赉县,1158
霍城,霍城县,384
达坂城,大阪市,120
克拉玛依,克拉玛依市,480
和什托洛盖,和什托洛盖镇,313
福海,江安县,424
北屯市,北屯市,56
阿勒泰,团结路街道,875
通海,南通市,640
曲江,杭州市,301
建水,安庆市,12
蒙自,蒙自市,603
屏边,屏边县,677
河口北,河口瑶族自治县,318
塔城,和平街道,310
额敏,额玛勒郭楞蒙古民族乡,189
铁厂沟,乌鲁木齐市,905
德令哈,河西街道,319
格尔木,格尔木市,257
那曲,那曲市,623
拉萨,拉萨市,489
香港红|,油尖旺^,1082
安多,那曲市,623
三亚,三亚市,748
当雄,拉萨市,489
元谋,元谋县,1104
曹妃甸东,唐山市,841
曹妃甸港,唐山市,841
二道沟,朝阳区,84
保健,N田市,513
兴和,六安市,558
好鲁库,锡林郭勒盟,944
马架子,新宾满族自治县,979
下坑子,苗栗h,614
上店,宝鸡市,39
六地沟,克什克腾旗,481
嘎拉德斯汰,克什克腾旗,481
宇宙地,克什克腾旗,481
温都和硕,林西县,543
平顶庙,林西县,543
宝木吐,巴林右旗,20
衙门庙,林东镇,541
福兴地,天山口镇,851
沙日乃,通辽市,862
金家店,金州区,445
福巨,通辽市,862
哲里木,弘前市,334
桐梓东,嘉禾县,405
綦江东,綦江区,696
珞璜南,江津区,426
遵义南,遵义市,1189
